month,year,bust,cupsize,waist,hips,height,weight,bmi,waist2hip,model_of_the_year
December,1953,36,4,24,36,65,118,19.63408284,0.666666667,
January,1954,36,3,26,37,65,100,16.63905325,0.702702703,
February,1954,36,3,23,34,64,113,19.39428711,0.676470588,
March,1954,34,3,24,35,66,118,19.043618,0.685714286,
April,1954,36,3,23,34,64,113,19.39428711,0.676470588,
May,1954,36,4,23,38,65,120,19.96686391,0.605263158,
June,1954,36,3,26,37,65,100,16.63905325,0.702702703,
July,1954,36,3,26,37,66,130,20.98025712,0.702702703,
August,1954,38,4,24,35,66,118,19.043618,0.685714286,
September,1954,34,3,24,37,64,100,17.16308594,0.648648649,
October,1954,36,4,24,36,64,105,18.02124023,0.666666667,
November,1954,34,4,24,35,65.5,125,20.48248937,0.685714286,
December,1954,36,3,24,36,65,121,20.13325444,0.666666667,
January,1955,36,3,23,35.5,65.5,128,20.97406911,0.647887324,
February,1955,40,4,21,35,68,128,19.46020761,0.6,
April,1955,36,3,23,34,64,113,19.39428711,0.676470588,
May,1955,39,3,23,37,62,100,18.28824142,0.621621622,
June,1955,39,4,25,35,66,115,18.55945822,0.714285714,
July,1955,36,4,24,36,65.5,115,18.84389022,0.666666667,
August,1955,38,5,22,36,64,110,18.87939453,0.611111111,
September,1955,37,3,23,36,63,103,18.2436382,0.638888889,
October,1955,35,3,23,35,64,110,18.87939453,0.657142857,
November,1955,33,2,21,33,65,102,16.97183432,0.636363636,
December,1955,36,4,24,36,65.5,115,18.84389022,0.666666667,
January,1956,38,4,24,37,64,117,20.08081055,0.648648649,
February,1956,39,3,23,37,62,105,19.20265349,0.621621622,
March,1956,34,3,21,34,63,100,17.71227009,0.617647059,
April,1956,36,3,22,35,65.5,120,19.66318979,0.628571429,
May,1956,36,4,23,35,66,122,19.68916437,0.657142857,
June,1956,36,3,21,32,64,108,18.53613281,0.65625,
July,1956,36,5,24,34,62,105,19.20265349,0.705882353,
August,1956,37,4,24,36,67,122,19.10581421,0.666666667,
September,1956,38,4,24,35,66,115,18.55945822,0.685714286,
October,1956,36,4,24,36,65.5,115,18.84389022,0.666666667,
November,1956,39,4,22,36,63,128,22.67170572,0.611111111,
December,1956,35,3,23,35,62,106,19.3855359,0.657142857,
January,1957,36,3,25,36,64,120,20.59570313,0.694444444,
February,1957,35,3,23,35,65,110,18.30295858,0.657142857,
March,1957,36,3,20,36,67,120,18.79260414,0.555555556,
April,1957,35,3,25,35,65,121,20.13325444,0.714285714,
May,1957,36,3,23,36,65,120,19.96686391,0.638888889,
June,1957,35,,22,35,64,120,20.59570313,0.628571429,
July,1957,38,4,23,34,63,120,21.25472411,0.676470588,
August,1957,36,3,23,33,67,110,17.2265538,0.696969697,
September,1957,39,3,23,37,64,117,20.08081055,0.621621622,
October,1957,38,6,25,35,68,110,16.72361592,0.714285714,
November,1957,34,3,22,33,62,98,17.92247659,0.666666667,
December,1957,35,2,21,35,64,111,19.05102539,0.6,
January,1958,34,2,22,34,65,100,16.63905325,0.647058824,
February,1958,36,3,26,37,65,115,19.13491124,0.702702703,
March,1958,38,3,24,35,67,115,18.00957897,0.685714286,
April,1958,39.5,5,26,36,67.5,130,20.05816187,0.722222222,
May,1958,38,4,21,34,69,124,18.30959882,0.617647059,
June,1958,40,4,20,36,65,120,19.96686391,0.555555556,
July,1958,34,3,23,35,61,110,20.78204784,0.657142857,
August,1958,37,4,24,36,65,115,19.13491124,0.666666667,
September,1958,39,4,19,33,62,100,18.28824142,0.575757576,
October,1958,34,3,22,34,66,121,19.52777778,0.647058824,
October,1958,34,4,24,35,65,119,19.80047337,0.685714286,
November,1958,34,3,22.5,34,65,118,19.63408284,0.661764706,
December,1958,34,3,24,34,66.5,118,18.75832438,0.705882353,
January,1959,37,4,22,36,66,119,19.20500459,0.611111111,0
February,1959,40,4,22,37,68.5,135,20.22590442,0.594594595,0
March,1959,36,4,24,36,64,112,19.22265625,0.666666667,0
April,1959,36,4,24,36,65,125,20.79881657,0.666666667,0
May,1959,36,4,24,36,66,124,20.01193756,0.666666667,0
June,1959,38,3,26,38,68,115,17.48378028,0.684210526,0
July,1959,36,3,24,36,62,105,19.20265349,0.666666667,0
August,1959,34,3,25,35,65,123,20.4660355,0.714285714,0
September,1959,34,3,24,34,66,110,17.75252525,0.705882353,0
October,1959,39,6,25,37,68,130,19.76427336,0.675675676,0
November,1959,36,3,22,36,63.5,115,20.0496001,0.611111111,0
December,1959,35,4,20,35,64,110,18.87939453,0.571428571,1
January,1960,37,4,22,36,65,118,19.63408284,0.611111111,0
February,1960,37,3,23,36,67,130,20.35865449,0.638888889,0
March,1960,37,4,24,36,68,126,19.15614187,0.666666667,0
April,1960,38,4,23,36.5,64,112,19.22265625,0.630136986,1
May,1960,36,3,23,36,65,125,20.79881657,0.638888889,0
June,1960,36,3,20,36,62,108,19.75130073,0.555555556,0
July,1960,37,4,22,35,65,110,18.30295858,0.628571429,0
August,1960,34,3,23,35,64,120,20.59570313,0.657142857,0
September,1960,38,4,20,35,62,105,19.20265349,0.571428571,0
October,1960,34,2,21,34,65,114,18.96852071,0.617647059,0
November,1960,33,2,18,32,62,85,15.5450052,0.5625,0
December,1960,37,4,23,35,66,120,19.36639118,0.657142857,0
January,1961,37,4,21,36,65,110,18.30295858,0.583333333,0
February,1961,36,5,24,36,67,120,18.79260414,0.666666667,0
March,1961,37,4,22,36,64,117,20.08081055,0.611111111,0
April,1961,36,3,24,36,67,125,19.57562932,0.666666667,0
May,1961,36,4,22,35,63,108,19.1292517,0.628571429,0
June,1961,36,4,22,34,64,105,18.02124023,0.647058824,0
July,1961,35,3,23,35,69,126,18.60491493,0.657142857,0
August,1961,32,2,26,34,64,112,19.22265625,0.764705882,0
September,1961,38,4,22,36,65,122,20.29964497,0.611111111,1
October,1961,38,5,24,37,64,120,20.59570313,0.648648649,0
November,1961,36,3,22,35,67,120,18.79260414,0.628571429,0
December,1961,35,4,22,35,66.5,115,18.28141783,0.628571429,0
January,1962,38,4,22,34,65,112,18.63573964,0.647058824,0
February,1962,36,3,23,35,64,117,20.08081055,0.657142857,0
March,1962,39,5,23,35,61,104,19.64848159,0.657142857,0
April,1962,34,3,21,34,62,102,18.65400624,0.617647059,0
May,1962,37,3,23,36,68.5,126,18.87751079,0.638888889,0
June,1962,36,4,22,36,64.5,116,19.60170663,0.611111111,0
July,1962,39,3,23,39,67,129,20.20204945,0.58974359,0
August,1962,39,4,23,35,65,120,19.96686391,0.657142857,0
September,1962,36,4,18,34,60,100,19.52777778,0.529411765,0
October,1962,36,4,25,36,66,125,20.17332415,0.694444444,0
November,1962,39,4,22,36,65.5,124,20.31862945,0.611111111,0
December,1962,36,4,20,34,62,102,18.65400624,0.588235294,1
January,1963,34,3,22,33,61,100,18.89277076,0.666666667,0
February,1963,38,4,22,36,65,120,19.96686391,0.611111111,0
March,1963,38,4,22,36,67,125,19.57562932,0.611111111,0
April,1963,37,4,24,36,68.5,137,20.52554745,0.666666667,0
May,1963,36,3,23,36,64,110,18.87939453,0.638888889,0
June,1963,34,3,23,34,66,115,18.55945822,0.676470588,0
July,1963,39,4,24,36,65,123,20.4660355,0.666666667,0
August,1963,34,2,22,35,61,115,21.72668637,0.628571429,0
September,1963,35,4,22,35,63,110,19.4834971,0.628571429,0
October,1963,37,3,26,37,72,150,20.34143519,0.702702703,0
November,1963,36,3,21,35,66,120,19.36639118,0.6,0
December,1963,38,4,22,37,64,118,20.25244141,0.594594595,1
January,1964,35,3,22,35,62,109,19.93418314,0.628571429,0
February,1964,36,3,21,36,66,105,16.94559229,0.583333333,0
March,1964,34,3,25,34,66,120,19.36639118,0.735294118,0
April,1964,37,3,24,36,65,118,19.63408284,0.666666667,0
May,1964,36,3,23,36,65,117,19.46769231,0.638888889,0
June,1964,34,3,23,34,62.5,110,19.79648,0.676470588,0
July,1964,39,4,22,35,62,110,20.11706556,0.628571429,0
August,1964,35,3,22,35,64,112,19.22265625,0.628571429,0
September,1964,36,3,23,36,67,120,18.79260414,0.638888889,0
October,1964,41,6,25,38,66,145,23.40105601,0.657894737,0
November,1964,35,3,23,35,63,117,20.72335601,0.657142857,0
December,1964,36,3,24,36,64,112,19.22265625,0.666666667,1
January,1965,37,3,24,37,65,110,18.30295858,0.648648649,0
February,1965,36,3,23,36,65,115,19.13491124,0.638888889,0
March,1965,36,3,23,36,68.5,130,19.47679685,0.638888889,0
April,1965,34,4,20,34,59,98,19.79143924,0.588235294,0
May,1965,36,4,22,36,63,105,18.5978836,0.611111111,0
June,1965,34,2,22,35,65.5,120,19.66318979,0.628571429,0
July,1965,36,3,23,35,65,120,19.96686391,0.657142857,0
August,1965,34,2,22,36,66,115,18.55945822,0.611111111,0
September,1965,34,3,18,34,64,113,19.39428711,0.529411765,0
October,1965,36,3,24,36,66,117,18.8822314,0.666666667,1
November,1965,35,2,22,35,67,118,18.47939407,0.628571429,0
December,1965,37,2,23,36,68,115,17.48378028,0.638888889,0
January,1966,36,3,22,34,63,100,17.71227009,0.647058824,0
February,1966,38,5,23,36,64,119,20.42407227,0.638888889,0
March,1966,34,3,19,35,62,105,19.20265349,0.542857143,0
April,1966,35,4,22,35.5,59,98,19.79143924,0.61971831,0
May,1966,37,3,24,37,64.5,120,20.27762755,0.648648649,0
June,1966,34,3,22,33.5,60,100,19.52777778,0.656716418,0
July,1966,34,1,23,34,65,108,17.97017751,0.676470588,0
August,1966,34,3,25,34,67,123,19.26241925,0.735294118,0
September,1966,37,3,24,36.5,67,130,20.35865449,0.657534247,0
October,1966,39,5,24,36,65,125,20.79881657,0.666666667,0
November,1966,35,3,23,35,68,132,20.0683391,0.657142857,1
December,1966,35,3,22,35,63,105,18.5978836,0.628571429,0
January,1967,35,3,22,34,62,100,18.28824142,0.647058824,0
February,1967,35,3,20,34,64,108,18.53613281,0.588235294,0
March,1967,39,6,24,36,62,110,20.11706556,0.666666667,0
April,1967,35,2,23,34,60,100,19.52777778,0.676470588,0
May,1967,35,3,23,35,64,108,18.53613281,0.657142857,0
June,1967,39,4,24.5,36,66,128,20.65748393,0.680555556,0
July,1967,36.5,2,20,35,66,116,18.72084481,0.571428571,0
August,1967,34,5,21,33,62,98,17.92247659,0.636363636,0
September,1967,36,4,21,35,65,109,18.13656805,0.6,1
October,1967,40,4,25,35,70,135,19.36836735,0.714285714,0
November,1967,35.5,3,23,34,66,115,18.55945822,0.676470588,0
December,1967,34,3,23,34,60,100,19.52777778,0.676470588,0
January,1968,35,3,23,36,65,118,19.63408284,0.638888889,1
February,1968,35.5,2,22,35,67,115,18.00957897,0.628571429,0
March,1968,38,5,23,35,64.5,110,18.58782525,0.657142857,0
April,1968,35,3,24,35,66,118,19.043618,0.685714286,0
May,1968,33,2,21,35,62,93,17.00806452,0.6,0
June,1968,34,2,21.5,34,64,108,18.53613281,0.632352941,0
July,1968,34,3,23,34,65,100,16.63905325,0.676470588,0
August,1968,36,3,22,35,64,110,18.87939453,0.628571429,0
September,1968,36,3,24,35,64,122,20.93896484,0.685714286,0
October,1968,34,3,22,34,65,108,17.97017751,0.647058824,0
November,1968,36,3,24,36,65,118,19.63408284,0.666666667,0
December,1968,39,6,24,36,63,119,21.07760141,0.666666667,0
January,1969,36,2,24,37,67,130,20.35865449,0.648648649,0
February,1969,36.5,4,21,36,66,118,19.043618,0.583333333,0
March,1969,36,4,24,34,64.5,120,20.27762755,0.705882353,0
April,1969,35,2,23,34,64,105,18.02124023,0.676470588,0
May,1969,36,4,24,35,64,110,18.87939453,0.685714286,0
June,1969,35.5,3,24,34,63,110,19.4834971,0.705882353,0
July,1969,36,4,24,34,62,105,19.20265349,0.705882353,0
August,1969,36,3,24.5,36,63,112,19.8377425,0.680555556,0
September,1969,36,3,23,34.5,63,110,19.4834971,0.666666667,0
October,1969,34,3,23,36,64,117,20.08081055,0.638888889,0
November,1969,35,2,23,36,66,115,18.55945822,0.638888889,1
December,1969,34,3,23,34,62,105,19.20265349,0.676470588,0
January,1970,37,4,24,36,64,120,20.59570313,0.666666667,0
February,1970,35,3,23,35,63,115,20.36911061,0.657142857,0
March,1970,35,2,24,35,67,120,18.79260414,0.685714286,0
April,1970,36.5,4,24,35,66,118,19.043618,0.685714286,0
May,1970,36,3,22,34,64.5,105,17.7429241,0.647058824,0
June,1970,35,,24,35,65,110,18.30295858,0.685714286,0
July,1970,35,3,25,36,66,120,19.36639118,0.694444444,0
August,1970,35,3,24,36,66,115,18.55945822,0.666666667,1
September,1970,35,1,24,36,65.5,118,19.33546996,0.666666667,0
October,1970,36,3,25,36,67,114,17.85297394,0.694444444,0
October,1970,34,3,22,35,67,114,17.85297394,0.628571429,0
November,1970,39,4,26,37,69,140,20.6721277,0.702702703,0
December,1970,37.5,4,24.5,35,65,118,19.63408284,0.7,0
January,1971,36,5,22.5,34,67.5,108,16.6637037,0.661764706,1
February,1971,34,3,23,34,64,108,18.53613281,0.676470588,0
March,1971,37,4,25,36,63,120,21.25472411,0.694444444,0
April,1971,35.5,3,24,35.5,67.5,126,19.44098765,0.676056338,0
May,1971,35.5,2,23,35.5,68,123,18.70004325,0.647887324,0
June,1971,35.5,3,23,35.5,65.5,117,19.17161005,0.647887324,0
July,1971,32,2,23,33.5,64,103,17.67797852,0.686567164,0
August,1971,35,3,23,35,65.5,110,18.02459064,0.657142857,0
September,1971,37,3,22,35,67,118,18.47939407,0.628571429,0
October,1971,36,3,24,36,71,133,18.54770879,0.666666667,0
November,1971,36,4,25,34,64.5,120,20.27762755,0.735294118,0
December,1971,37,3,24,36,65,120,19.96686391,0.666666667,0
January,1972,36,5,24,35,68,119,18.09191176,0.685714286,1
February,1972,36,3,25,36,64.5,121,20.44660778,0.694444444,0
March,1972,36.5,4,23.5,35,63,107,18.952129,0.671428571,0
April,1972,34,3,22,34,68,115,17.48378028,0.647058824,0
May,1972,35,3,22,35,67,110,17.2265538,0.628571429,0
June,1972,36,4,24,36,67,122,19.10581421,0.666666667,0
July,1972,35,1,25,35,66,117,18.8822314,0.714285714,0
August,1972,35.5,3,23,34.5,62,105,19.20265349,0.666666667,0
September,1972,38.5,3,25,39,73,140,18.46875586,0.641025641,0
October,1972,40,5,22,37,68,125,19.004109,0.594594595,0
November,1972,34,2,26,36,66,110,17.75252525,0.722222222,0
December,1972,36,3,23,36,64,115,19.73754883,0.638888889,0
January,1973,38,4,22,36,64,108,18.53613281,0.611111111,0
February,1973,34,3,22,34,65,103,17.13822485,0.647058824,1
March,1973,36,3,23,36,65.5,113,18.51617039,0.638888889,0
April,1973,35,3,24,35,68,125,19.004109,0.685714286,0
May,1973,35,3,23,35,64,105,18.02124023,0.657142857,0
June,1973,35,3,23,35,62,103,18.83688866,0.657142857,0
July,1973,36,3,23,35,66,110,17.75252525,0.657142857,0
August,1973,35,3,23,35,67,120,18.79260414,0.657142857,0
September,1973,38,4,24,36,68,125,19.004109,0.666666667,0
October,1973,37,3,24,36,67,125,19.57562932,0.666666667,0
November,1973,37,4,24.5,36,62.5,108,19.436544,0.680555556,0
December,1973,38,4,23,36.5,68,125,19.004109,0.630136986,0
January,1974,35,4,23,35,68,118,17.93987889,0.657142857,0
February,1974,36,4,24,34,65,110,18.30295858,0.705882353,0
March,1974,36,3,24,36,63,112,19.8377425,0.666666667,0
April,1974,36,2,25,36,68.5,125,18.72768927,0.694444444,0
May,1974,39,6,24,36,67,130,20.35865449,0.666666667,1
June,1974,35,3,24,34,66,114,18.39807163,0.705882353,0
July,1974,37,4,22,35,66,115,18.55945822,0.628571429,0
August,1974,36,2,24,35,67,122,19.10581421,0.685714286,0
September,1974,34,3,23,35,65.5,112,18.35231047,0.657142857,0
October,1974,36,4,24,36,67.5,123,18.978107,0.666666667,0
November,1974,34.5,3,24,35,69.5,120,17.46493453,0.685714286,0
December,1974,38,3,26,37.5,70,143,20.51612245,0.693333333,0
January,1975,37,3,22,35,67,120,18.79260414,0.628571429,0
February,1975,37,3,24,36,65,110,18.30295858,0.666666667,0
March,1975,36,3,24,36,66.5,116,18.44038668,0.666666667,0
April,1975,36,3,23,35,66,115,18.55945822,0.657142857,0
May,1975,35,2,23,34,66,105,16.94559229,0.676470588,0
June,1975,36,4,23,36.5,66,119,19.20500459,0.630136986,0
July,1975,36,3,22.5,35,63,108,19.1292517,0.642857143,0
August,1975,36,3,24,35,68,125,19.004109,0.685714286,1
September,1975,35,4,24,34,64.5,110,18.58782525,0.705882353,0
October,1975,34,3,23,34,67,103,16.13031856,0.676470588,0
November,1975,39,6,24,36,66,125,20.17332415,0.666666667,0
December,1975,36,4,24,35,66,110,17.75252525,0.685714286,0
January,1976,36,4,25,36,67,127,19.88883939,0.694444444,0
February,1976,35,3,25,37,65,120,19.96686391,0.675675676,0
March,1976,34,3,25,35,65.5,110,18.02459064,0.714285714,0
April,1976,36,4,25,36,65.5,120,19.66318979,0.694444444,0
May,1976,34,3,24,37,68,125,19.004109,0.648648649,0
June,1976,36,4,24,34,66,118,19.043618,0.705882353,0
July,1976,34,3,22,34.5,64.5,102,17.23598341,0.637681159,0
August,1976,35,3,24,35,66,100,16.13865932,0.685714286,0
September,1976,35,1,23,34,63,105,18.5978836,0.676470588,0
October,1976,36.5,4,25,36,68,120,18.24394464,0.694444444,0
November,1976,35,3,23,35,65,115,19.13491124,0.657142857,1
December,1976,35,3,23,35,68,118,17.93987889,0.657142857,0
January,1977,37,4,24,37,68,135,20.52443772,0.648648649,0
February,1977,32,3,21,33,66,120,19.36639118,0.636363636,0
March,1977,33.5,3,23,35,65,112,18.63573964,0.657142857,0
April,1977,35,3,24,35,68,120,18.24394464,0.685714286,0
May,1977,38,4,25,36,68,130,19.76427336,0.694444444,0
June,1977,36,4,22,32,62.5,105,18.89664,0.6875,0
July,1977,34,3,24,35,66,110,17.75252525,0.685714286,0
August,1977,36,5,23,32,66,112,18.07529844,0.71875,0
September,1977,35,3,24,36,64,114,19.56591797,0.666666667,1
October,1977,34,4,24.5,34,66,119,19.20500459,0.720588235,0
November,1977,36,,23,36,70,125,17.93367347,0.638888889,0
December,1977,36,3,24,35,68,120,18.24394464,0.685714286,0
January,1978,36,3,24,35,68,120,18.24394464,0.685714286,0
February,1978,34,4,24,35,64,110,18.87939453,0.685714286,0
March,1978,34,3,24,35,66,110,17.75252525,0.685714286,0
April,1978,35,3,24,35,65,115,19.13491124,0.685714286,0
May,1978,34,3,23,34,67,110,17.2265538,0.676470588,0
June,1978,34,3,22,34,61,103,19.45955388,0.647058824,0
July,1978,32,2,22,32,66,95,15.33172635,0.6875,0
August,1978,36,4,24,36,67,117,18.32278904,0.666666667,0
September,1978,36,3,23,34,62,101,18.47112383,0.676470588,0
October,1978,35,3,23,35,68,117,17.78784602,0.657142857,0
November,1978,36,3,26,36,67,117,18.32278904,0.722222222,1
December,1978,36,5,24,36,67.5,118,18.20663923,0.666666667,0
January,1979,37,6,24,34,67,110,17.2265538,0.705882353,0
February,1979,35,3,23,35,64,107,18.36450195,0.657142857,0
March,1979,37,3,24,33,63,104,18.4207609,0.727272727,0
April,1979,34,4,22,32,64,95,16.30493164,0.6875,0
May,1979,34,2,24,34,65,108,17.97017751,0.705882353,0
June,1979,35,3,23,34,64.5,110,18.58782525,0.676470588,0
July,1979,35.5,3,24.5,34,67,118,18.47939407,0.720588235,0
August,1979,36,4,24,36,69,123,18.16194077,0.666666667,1
September,1979,33.5,2,22,34,67,105,16.44352863,0.647058824,0
October,1979,35,3,23,33,66,103,16.6228191,0.696969697,0
November,1979,34,2,23,34,67,110,17.2265538,0.676470588,0
December,1979,35,3,23,34,67,110,17.2265538,0.676470588,0
January,1980,38,5,24,36,68,115,17.48378028,0.666666667,0
February,1980,35.5,2,25,35.5,65.5,118,19.33546996,0.704225352,0
March,1980,34,3,25,36,68.5,125,18.72768927,0.694444444,0
April,1980,34.5,3,24,33.5,65,110,18.30295858,0.71641791,0
May,1980,37,3,24,35,69,130,19.19554715,0.685714286,0
June,1980,34,2,26,35,62,105,19.20265349,0.742857143,0
July,1980,35,3,22,34,67,104,16.28692359,0.647058824,0
August,1980,36,3,25,35,68,119,18.09191176,0.714285714,0
September,1980,34,3,22,34,67,115,18.00957897,0.647058824,0
October,1980,34,3,24,35,66,105,16.94559229,0.685714286,0
November,1980,34,3,23,33,67,105,16.44352863,0.696969697,0
December,1980,36,3,24,36,69,120,17.7189666,0.666666667,1
January,1981,38,6,26,37,65,123,20.4660355,0.702702703,0
February,1981,36,3,23,34,68,120,18.24394464,0.676470588,0
March,1981,36,3,24,36,68,124,18.85207612,0.666666667,0
April,1981,35,3,22,34,63,103,18.2436382,0.647058824,0
May,1981,36,2,24,36,65,105,17.47100592,0.666666667,0
June,1981,38,5,26,37,68,127,19.30817474,0.702702703,0
July,1981,36,3,24,34,67.5,120,18.51522634,0.705882353,0
August,1981,37.5,4,23,34,64,107,18.36450195,0.676470588,0
September,1981,36,3,24,36,68,120,18.24394464,0.666666667,0
October,1981,36,3,24,36,67,119,18.63599911,0.666666667,0
November,1981,36,3,25,36,70,128,18.36408163,0.694444444,1
December,1981,36,6,25,36,63,115,20.36911061,0.694444444,0
January,1982,37,6,22,34,63,101,17.88939279,0.647058824,0
February,1982,32,2,23,34,68,112,17.02768166,0.676470588,0
March,1982,35,3,23,33,66,106,17.10697888,0.696969697,0
April,1982,34,3,23,34,60.5,98,18.8222116,0.676470588,0
May,1982,36,5,20,34,65,105,17.47100592,0.588235294,0
June,1982,34,3,22,33,63,102,18.0665155,0.666666667,0
July,1982,36,5,22,36,66,115,18.55945822,0.611111111,0
August,1982,34,3,22,34,64,102,17.50634766,0.647058824,0
September,1982,34,3,22,35,67,115,18.00957897,0.628571429,0
October,1982,34,4,21,32,68,105,15.96345156,0.65625,1
November,1982,34,3,24,34,69,125,18.45725688,0.705882353,0
December,1982,34,5,23,34,69,116,17.12833438,0.676470588,0
January,1983,36,4,22,35,67,118,18.47939407,0.628571429,0
February,1983,35,2,23,34,64,101,17.3347168,0.676470588,0
March,1983,34,5,22,32,62,103,18.83688866,0.6875,0
April,1983,34,2,22,33,64,105,18.02124023,0.666666667,0
May,1983,34,2,23,34,65,108,17.97017751,0.676470588,0
June,1983,37,3,24,37,68,126,19.15614187,0.648648649,0
July,1983,35,3,22,34,65,108,17.97017751,0.647058824,0
August,1983,34,3,24,34,63,100,17.71227009,0.705882353,0
September,1983,34,4,23,34,65,105,17.47100592,0.676470588,1
October,1983,34,3,24,35,68,118,17.93987889,0.685714286,0
November,1983,34,3,22,34,68,112,17.02768166,0.647058824,0
December,1983,35,3,23,33,66,100,16.13865932,0.696969697,0
January,1984,35,4,22,34,68,115,17.48378028,0.647058824,0
February,1984,36,4,25,35,69,120,17.7189666,0.714285714,0
March,1984,37,5,24,35,67,118,18.47939407,0.685714286,0
April,1984,34,2,22,32,65,108,17.97017751,0.6875,0
May,1984,36,5,23,32,65,107,17.80378698,0.71875,0
June,1984,36,4,22,34,67,110,17.2265538,0.647058824,0
July,1984,35,3,23,34,67,116,18.16618401,0.676470588,0
August,1984,36,2,24,36,68.5,115,17.22947413,0.666666667,0
September,1984,36,4,25,35,63,105,18.5978836,0.714285714,0
October,1984,35,3,21,34,65,102,16.97183432,0.617647059,0
November,1984,40,6,25,36,68,125,19.004109,0.694444444,0
December,1984,37,5,23,35,67,118,18.47939407,0.657142857,1
January,1985,36,3,24,35,68,118,17.93987889,0.685714286,0
February,1985,34,3,23,34,69,117,17.27599244,0.676470588,0
March,1985,37,3,24,35,67,105,16.44352863,0.685714286,0
April,1985,34,4,23,34,67,114,17.85297394,0.676470588,0
May,1985,35,3,24,35,69,122,18.01428271,0.685714286,1
June,1985,34,3,22,34,67,110,17.2265538,0.647058824,0
July,1985,36,3,22,32,67,112,17.53976387,0.6875,0
August,1985,37.5,5,24,35,67,123,19.26241925,0.685714286,0
September,1985,34,3,24,34,65,105,17.47100592,0.705882353,0
October,1985,36,3,25,36,68.5,125,18.72768927,0.694444444,0
November,1985,36,3,24,35,65,110,18.30295858,0.685714286,0
December,1985,35,3,23.5,35,67,118,18.47939407,0.671428571,0
January,1986,36,3,22,34,65,104,17.30461538,0.647058824,0
February,1986,36,4,24,35,67,115,18.00957897,0.685714286,0
March,1986,35,3,23,35,66,118,19.043618,0.657142857,0
April,1986,34,2,21,34,67,108,16.91334373,0.617647059,0
May,1986,34,4,24,34,66,107,17.26836547,0.705882353,0
June,1986,34,3,24,34,65,105,17.47100592,0.705882353,0
July,1986,35,3,24,35,66.5,110,17.48657358,0.685714286,0
August,1986,36,4,24,34,67,114,17.85297394,0.705882353,0
September,1986,34,3,23,32,67,110,17.2265538,0.71875,0
October,1986,35,2,23,34,66,107,17.26836547,0.676470588,0
November,1986,36,6,23,35,70,127,18.22061224,0.657142857,1
December,1986,34,3,21,33,67,103,16.13031856,0.636363636,0
January,1987,35,3,23,34,65,105,17.47100592,0.676470588,0
February,1987,38,4,24,36,68,130,19.76427336,0.666666667,0
March,1987,34,6,23,35,67,121,18.94920918,0.657142857,0
April,1987,32,4,23,34,61,98,18.51491535,0.676470588,0
May,1987,34,3,24,35,68,120,18.24394464,0.685714286,0
June,1987,35,4,21,33,67,107,16.75673869,0.636363636,0
July,1987,35,3,23,35,67,115,18.00957897,0.657142857,0
August,1987,32,5,22,34,62,100,18.28824142,0.647058824,0
September,1987,36,4,24,36,67,118,18.47939407,0.666666667,0
October,1987,36,3,24,35,65,105,17.47100592,0.685714286,0
November,1987,34,3,23,33.5,65,105,17.47100592,0.686567164,0
December,1987,35,4,24,34,71,127,17.71097005,0.705882353,1
January,1988,36,4,24,36,69,122,18.01428271,0.666666667,1
February,1988,34,3,22,33,65,101,16.80544379,0.666666667,0
March,1988,35,3,25,35,68,117,17.78784602,0.714285714,0
April,1988,36,3,25,35,68,125,19.004109,0.714285714,0
May,1988,36,3,24,35,67,118,18.47939407,0.685714286,0
June,1988,35,3,24,35,67,110,17.2265538,0.685714286,0
July,1988,36,3,22,32,66.5,109,17.32760473,0.6875,0
August,1988,35,4,24,33.5,66,121,19.52777778,0.71641791,0
September,1988,36,3,24.5,34,63,105,18.5978836,0.720588235,0
October,1988,36,4,21,32,63,94,16.64953389,0.65625,0
November,1988,35,2,24,35,68.5,123,18.42804625,0.685714286,0
December,1988,35,4,24,35,66,115,18.55945822,0.685714286,0
January,1989,35,4,24,35,70,122,17.50326531,0.685714286,0
February,1989,37,2,24,35,65.5,117,19.17161005,0.685714286,0
March,1989,37,4,24.5,36,70,125,17.93367347,0.680555556,0
April,1989,38,3,24,34,67,117,18.32278904,0.705882353,0
May,1989,36,4,23,35,67,114,17.85297394,0.657142857,0
June,1989,36,4,24,34,69,120,17.7189666,0.705882353,0
July,1989,34,3,24,32,65,108,17.97017751,0.75,0
August,1989,38,3,24,34,67,110,17.2265538,0.705882353,0
September,1989,35,3,23,34,64.5,103,17.40496364,0.676470588,0
October,1989,36,3,21,32,64,105,18.02124023,0.65625,0
November,1989,36,4,23,32,66,112,18.07529844,0.71875,1
December,1989,37,9,24,35,68,120,18.24394464,0.685714286,0
January,1990,36,5,23,35,67,115,18.00957897,0.657142857,0
February,1990,36,5,22,34,67,105,16.44352863,0.647058824,0
March,1990,34,3,23,34,66,110,17.75252525,0.676470588,0
April,1990,37,3,24,36,69,120,17.7189666,0.666666667,1
May,1990,34,3,24,36,68,125,19.004109,0.666666667,0
June,1990,35,3,24,35,68.5,128,19.17715382,0.685714286,0
July,1990,36,4,24,34,64,113,19.39428711,0.705882353,0
August,1990,34,2,24,35,66,113,18.23668503,0.685714286,0
September,1990,36,4,22,33,65.5,110,18.02459064,0.666666667,0
October,1990,36,3,24,34,66,120,19.36639118,0.705882353,0
November,1990,34,5,24,32,66,112,18.07529844,0.75,0
December,1990,38,4,24,34,71,126,17.57151359,0.705882353,0
January,1991,36,5,23,35,67,115,18.00957897,0.657142857,0
February,1991,36,3,23,36,66,110,17.75252525,0.638888889,0
March,1991,34,3,22,32,65,110,18.30295858,0.6875,0
April,1991,34,3,22,34,68,109,16.57158304,0.647058824,0
May,1991,36,4,24,34,68,120,18.24394464,0.705882353,0
June,1991,38,4,27,38,69,130,19.19554715,0.710526316,0
July,1991,34,2,23,35,66,112,18.07529844,0.657142857,0
August,1991,34,4,22,34,63,105,18.5978836,0.647058824,1
September,1991,36,4,25,36,70,135,19.36836735,0.694444444,0
October,1991,34,5,22,35,66,110,17.75252525,0.628571429,0
November,1991,34,2,23,34,67,108,16.91334373,0.676470588,0
December,1991,35,4,24,36,70,120,17.21632653,0.666666667,0
January,1992,36,4,23,36,65,100,16.63905325,0.638888889,0
February,1992,36,3,25,35,68.5,123,18.42804625,0.714285714,0
March,1992,34,3,23,34,66,116,18.72084481,0.676470588,0
April,1992,36,5,24,36,67,118,18.47939407,0.666666667,0
May,1992,36,5,26,38,71,140,19.52390399,0.684210526,1
June,1992,36,5,26,35,66,115,18.55945822,0.742857143,0
July,1992,35,2,25,37,68.5,133,19.92626139,0.675675676,0
August,1992,34,3,24,34,68.5,123,18.42804625,0.705882353,0
September,1992,34,3,22,34,68.5,120,17.9785817,0.647058824,0
October,1992,36,4,25,36,66,120,19.36639118,0.694444444,0
November,1992,34,3,23.5,34,69,115,16.98067633,0.691176471,0
December,1992,36,4,24,35,66,119,19.20500459,0.685714286,0
January,1993,36,2,23,33,67,110,17.2265538,0.696969697,0
February,1993,34,3,24,35,70,120,17.21632653,0.685714286,0
March,1993,34,3,24,34,68,115,17.48378028,0.705882353,0
April,1993,36,3,23,34,66,108,17.42975207,0.676470588,0
May,1993,34,2,24,34,68.5,118,17.67893868,0.705882353,0
June,1993,36,3.5,25,36,68,125,19.004109,0.694444444,0
July,1993,38,4,26,34,67,118,18.47939407,0.764705882,0
August,1993,32,4,22,32,64,100,17.16308594,0.6875,0
September,1993,34,3,24,34.5,68.5,120,17.9785817,0.695652174,0
October,1993,38,4,24,34,67,120,18.79260414,0.705882353,1
November,1993,38,5,21,34,67.5,110,16.97229081,0.617647059,0
December,1993,34,3,26,36,71,130,18.12933942,0.722222222,0
January,1994,36,3,24,35,69,124,18.30959882,0.685714286,0
February,1994,34,2,24,35,71,126,17.57151359,0.685714286,1
March,1994,36,3,23,36,68,118,17.93987889,0.638888889,0
April,1994,36,3,24,36,70,130,18.65102041,0.666666667,0
May,1994,34,4,23,34,64,105,18.02124023,0.676470588,0
June,1994,34,3,24,35,69,124,18.30959882,0.685714286,0
July,1994,36,4,24,36,71,130,18.12933942,0.666666667,0
August,1994,32,3,23,33,62,95,17.37382934,0.696969697,0
September,1994,34,3,24,35,66,105,16.94559229,0.685714286,0
October,1994,36,3,23,34,69,120,17.7189666,0.676470588,0
November,1994,34,3,25,35,71,135,18.8266217,0.714285714,0
December,1994,34,2,22,34,66,107,17.26836547,0.647058824,0
January,1995,34,4,24,34,66,110,17.75252525,0.705882353,0
February,1995,34,3,21,33.5,62,103,18.83688866,0.626865672,0
March,1995,34,3,24,36,70,130,18.65102041,0.666666667,1
April,1995,34,3,24,35,70,124,17.79020408,0.685714286,0
May,1995,34,3,23,34,64.5,112,18.92578571,0.676470588,0
June,1995,34,3,24,33,67,106,16.60013366,0.727272727,0
July,1995,34,3,23,33,67,106,16.60013366,0.696969697,0
August,1995,34.5,2,24,35,67,123,19.26241925,0.685714286,0
September,1995,34,3,22,34,65,110,18.30295858,0.647058824,0
October,1995,34,2,23,34,68,110,16.72361592,0.676470588,0
November,1995,34,4,24,34,65,112,18.63573964,0.705882353,0
December,1995,34,3,24,34,69,117,17.27599244,0.705882353,0
January,1996,36,3,24,34,68,123,18.70004325,0.705882353,0
February,1996,34,2,24,34,64,107,18.36450195,0.705882353,0
March,1996,36,3,25,34,68,118,17.93987889,0.735294118,0
April,1996,34,3,24,33,66,115,18.55945822,0.727272727,0
May,1996,33,4,22,33,64,98,16.81982422,0.666666667,0
June,1996,34,5,23.5,34,69,123,18.16194077,0.691176471,0
July,1996,34,2,22,34,64,110,18.87939453,0.647058824,0
August,1996,34,2,24,34,65,103,17.13822485,0.705882353,0
September,1996,34,3,24,34,68,120,18.24394464,0.705882353,0
October,1996,34,5,22,34,66,102,16.46143251,0.647058824,0
November,1996,34,3,25,35,67,118,18.47939407,0.714285714,0
December,1996,35,3,25,37,70,138,19.79877551,0.675675676,1
January,1997,36,4,22,35,68,118,17.93987889,0.628571429,0
February,1997,36,4,24,36,69.5,125,18.19264013,0.666666667,0
March,1997,36,3,24,34,65,114,18.96852071,0.705882353,0
April,1997,34,4,21.5,31.5,63,95,16.82665659,0.682539683,0
May,1997,34,4,25,35,67,120,18.79260414,0.714285714,0
June,1997,34,4,24,34,66,114,18.39807163,0.705882353,0
July,1997,34,2.5,24,36,67.5,120,18.51522634,0.666666667,0
August,1997,36,3,24,32,67,125,19.57562932,0.75,0
September,1997,36,4,23,35,68,118,17.93987889,0.657142857,0
October,1997,36,3,24,36,69.5,121,17.61047565,0.666666667,0
November,1997,36,3,24,36,68,123,18.70004325,0.666666667,0
December,1997,34,3,24,34,68,125,19.004109,0.705882353,1
January,1998,36,5,24,35,68,117,17.78784602,0.685714286,1
February,1998,34,3,25,36,69,125,18.45725688,0.694444444,0
March,1998,35,4,24,35,67,118,18.47939407,0.685714286,0
April,1998,34,2,23,34,67.5,125,19.2866941,0.676470588,0
May,1998,36,4,24,35,64.5,107,18.08088456,0.685714286,0
June,1998,34,3,24,34,68,125,19.004109,0.705882353,0
July,1998,34,3,24,34,68.5,120,17.9785817,0.705882353,0
August,1998,34,3,23,33.5,62.5,95,17.09696,0.686567164,0
September,1998,34,4,23,32,65,110,18.30295858,0.71875,0
October,1998,34,3,23,34,65,113,18.80213018,0.676470588,0
November,1998,34,4,25,35,67,115,18.00957897,0.714285714,0
December,1998,34,3,35,34,68,115,17.48378028,1.029411765,0
January,1999,34,3,23,34,65,110,18.30295858,0.676470588,0
February,1999,34,3,24,35,69,120,17.7189666,0.685714286,0
March,1999,34,3,23,34,67,107,16.75673869,0.676470588,0
April,1999,34,4,22.5,34.5,71,127,17.71097005,0.652173913,0
May,1999,36,4,21,34,67,120,18.79260414,0.617647059,0
June,1999,36,3,24,34,66,117,18.8822314,0.705882353,0
July,1999,34,2,24,34,68,120,18.24394464,0.705882353,0
August,1999,38,4,28,38,68,140,21.28460208,0.736842105,0
September,1999,34,3,24,33,68,116,17.63581315,0.727272727,0
October,1999,32,4,23,34.5,65,112,18.63573964,0.666666667,1
November,1999,34,3,24,35,65,113,18.80213018,0.685714286,0
December,1999,34,5,24,35,67.5,119,18.36093278,0.685714286,0
January,2000,32,3,23,34,67,111,17.38315883,0.676470588,0
February,2000,35,4,23,33,64,105,18.02124023,0.696969697,0
March,2000,32,2,24,32,65,105,17.47100592,0.75,0
April,2000,35,4,24,34,67,117,18.32278904,0.705882353,1
May,2000,36,3,24.5,34,68,115,17.48378028,0.720588235,0
June,2000,34,4,24,36,66,112,18.07529844,0.666666667,0
July,2000,36,3,23,35,69,118,17.42365049,0.657142857,0
August,2000,34,2,23,33,70.5,125,17.68019717,0.696969697,0
September,2000,34,4,26,33,68.5,115,17.22947413,0.787878788,0
October,2000,36,5,24,36,65,115,19.13491124,0.666666667,0
November,2000,36,4,24,34,65,107,17.80378698,0.705882353,0
December,2000,34,3,26,36,74,135,17.33108108,0.722222222,0
January,2001,35,3,24.5,36,69.5,120,17.46493453,0.680555556,0
February,2001,34,2,21,33,66,100,16.13865932,0.636363636,0
March,2001,34,6,25,35.5,64,112,19.22265625,0.704225352,0
April,2001,32,4,22,32,64,103,17.67797852,0.6875,0
May,2001,34,3,25,35,69,125,18.45725688,0.714285714,0
June,2001,34,4,22,32,66,110,17.75252525,0.6875,0
July,2001,34,3,24,34,66,106,17.10697888,0.705882353,0
August,2001,32,3,22,32,63,105,18.5978836,0.6875,0
September,2001,34,4,24,35,65,112,18.63573964,0.685714286,1
October,2001,34,4,25,34,63,110,19.4834971,0.735294118,0
November,2001,34,5,24,35,68,120,18.24394464,0.685714286,0
December,2001,34,3,24,34,68,117,17.78784602,0.705882353,0
January,2002,34,2,27,35,64,110,18.87939453,0.771428571,0
February,2002,34,3,23,35,70,125,17.93367347,0.657142857,0
March,2002,34,5,24,34,65,115,19.13491124,0.705882353,0
April,2002,34,2,22,30,64,98,16.81982422,0.733333333,0
May,2002,34,4,24,34,67,122,19.10581421,0.705882353,0
June,2002,32,2,23,33,63,103,18.2436382,0.696969697,0
July,2002,34,4,24,35,69,125,18.45725688,0.685714286,0
August,2002,34,2,24,33,65,108,17.97017751,0.727272727,1
September,2002,34,4,24,36,70,125,17.93367347,0.666666667,0
October,2002,34,4,26,33,66,117,18.8822314,0.787878788,0
November,2002,34,2.5,25,34,68,130,19.76427336,0.735294118,0
December,2002,36,2,25,35,67,125,19.57562932,0.714285714,0
January,2003,34,5,24,34,65,110,18.30295858,0.705882353,0
February,2003,34,4,24,34,68,120,18.24394464,0.705882353,0
March,2003,34,4,24,35,67,125,19.57562932,0.685714286,0
April,2003,34,2,24,27,68,118,17.93987889,0.888888889,1
May,2003,34,4,24,35,68,115,17.48378028,0.685714286,0
June,2003,34,4,24,34,64,110,18.87939453,0.705882353,0
July,2003,34,3,24,34,67,115,18.00957897,0.705882353,0
August,2003,34,2,25,36,67,125,19.57562932,0.694444444,0
September,2003,34,5,25,35,70,130,18.65102041,0.714285714,0
October,2003,34,3,24,34,68,115,17.48378028,0.705882353,0
November,2003,36,4,24,36,68,126,19.15614187,0.666666667,0
December,2003,36,3,24,36,68,123,18.70004325,0.666666667,0
January,2004,34,3,25,34,62,107,19.56841831,0.735294118,0
January,2004,34,3,25,34,62,107,19.56841831,0.735294118,0
February,2004,34,5,24,35,67,120,18.79260414,0.685714286,0
March,2004,34,3,22,34,64,103,17.67797852,0.647058824,0
April,2004,34,3,25,35,69.5,127,18.48372237,0.714285714,0
May,2004,32,2,24,34,64,110,18.87939453,0.705882353,0
June,2004,34,3,22.5,34,64,108,18.53613281,0.661764706,0
July,2004,34,4,24,33,67,117,18.32278904,0.727272727,0
August,2004,34,3,25,34,65.5,110,18.02459064,0.735294118,0
September,2004,34,2,24,34,65,106,17.63739645,0.705882353,0
October,2004,34,4,23,33,65,102,16.97183432,0.696969697,0
November,2004,34,3,25,34,66,118,19.043618,0.735294118,0
December,2004,34,3,23,35,66,115,18.55945822,0.657142857,1
January,2005,36,4,24,34,65,110,18.30295858,0.705882353,0
February,2005,36,5,28,36,66,127,20.49609734,0.777777778,0
March,2005,36,3,24,36,65,117,19.46769231,0.666666667,0
April,2005,34,3,24,34,63,105,18.5978836,0.705882353,0
May,2005,34,3,23,34,67,112,17.53976387,0.676470588,0
June,2005,34,3,24,34,66,110,17.75252525,0.705882353,1
July,2005,36,3,25,36,69,130,19.19554715,0.694444444,0
August,2005,34,3,24,34,68,115,17.48378028,0.705882353,0
September,2005,36,4,25,36,66,120,19.36639118,0.694444444,0
October,2005,34,4,24,33,68,117,17.78784602,0.727272727,0
November,2005,34,3,23,35,64,110,18.87939453,0.657142857,0
December,2005,34,4,24,34,65,115,19.13491124,0.705882353,0
January,2006,34,2,25,36,66,119,19.20500459,0.694444444,0
February,2006,32,5,24,34,65,110,18.30295858,0.705882353,0
March,2006,36,3,24,36,66,114,18.39807163,0.666666667,0
April,2006,34,2,25,34,68,115,17.48378028,0.735294118,0
May,2006,34,3,24,34,66,117,18.8822314,0.705882353,0
June,2006,34,3,23,34,64,105,18.02124023,0.676470588,0
July,2006,32,2,24,31,63,103,18.2436382,0.774193548,1
August,2006,32,3,23,33,65,107,17.80378698,0.696969697,0
September,2006,36,4,26,36,66,110,17.75252525,0.722222222,0
October,2006,34,5,24,34,69,130,19.19554715,0.705882353,0
November,2006,34,4,23,32,65,110,18.30295858,0.71875,0
December,2006,34,3,24,34,69,118,17.42365049,0.705882353,0
January,2007,34,3,24,35,69,117,17.27599244,0.685714286,1
February,2007,34,4,24,34,63,115,20.36911061,0.705882353,0
March,2007,34,4,24,34,68,115,17.48378028,0.705882353,0
April,2007,34,3,25,35,66,114,18.39807163,0.714285714,0
May,2007,34,3,23,34,68,115,17.48378028,0.676470588,0
June,2007,34,2,24,35,67,112,17.53976387,0.685714286,0
July,2007,34,4,24,34,67,115,18.00957897,0.705882353,0
August,2007,33,4,24,34,66,109,17.59113866,0.705882353,0
September,2007,34,6,23,33,68,117,17.78784602,0.696969697,0
October,2007,32,4,27,36,64,110,18.87939453,0.75,0
November,2007,34,5,27,34,68.5,120,17.9785817,0.794117647,0
December,2007,34,3,23,35,70,123,17.64673469,0.657142857,0
January,2008,35,3,26,35,69,123,18.16194077,0.742857143,0
February,2008,32,3,24,35,67,115,18.00957897,0.685714286,0
March,2008,32,4,21,35,64,108,18.53613281,0.6,1
April,2008,38,5,25,37,69,127,18.75257299,0.675675676,0
May,2008,32,3,24,35,67,113,17.6963689,0.685714286,0
June,2008,34,4,25,36,67,120,18.79260414,0.694444444,0
July,2008,34,3,24,34,65,117,19.46769231,0.705882353,0
August,2008,34,3,24,34,62,105,19.20265349,0.705882353,0
September,2008,34,4,25,36,67,115,18.00957897,0.694444444,0
October,2008,34,3,24,34,65,115,19.13491124,0.705882353,0
November,2008,34,3,21,32,66,108,17.42975207,0.65625,0
December,2008,34,3,25,35,68,115,17.48378028,0.714285714,0
December,2008,34,3,25,35,68,115,17.48378028,0.714285714,0
January,2009,34,4,23.5,36,67,121,18.94920918,0.652777778,0
February,2009,32,3,24,34,62,110,20.11706556,0.705882353,0
March,2009,35,3,27,37,68,125,19.004109,0.72972973,0
April,2009,34,3,23,35,70,126,18.07714286,0.657142857,1
May,2009,34,5,26,34,67,125,19.57562932,0.764705882,0
June,2009,34,3,24,36,69,125,18.45725688,0.666666667,0
July,2009,34,2,26,34,70,125,17.93367347,0.764705882,0
August,2009,34,2,26,34,70,125,17.93367347,0.764705882,0
September,2009,34,3,25,35,68,125,19.004109,0.714285714,0
October,2009,34,3,24,36,70,125,17.93367347,0.666666667,0
November,2009,34,4,25,34,66,115,18.55945822,0.735294118,0
December,2009,34,4,25,35,66,124,20.01193756,0.714285714,0
January,2010,33,3,24,35.5,68,125,19.004109,0.676056338,0
February,2010,32,3,23.5,33,67,102,15.97371352,0.712121212,0
March,2010,32,2,24,33,67,120,18.79260414,0.727272727,0
April,2010,34,4,24,36,62,110,20.11706556,0.666666667,0
May,2010,34,3,25,36,67,125,19.57562932,0.694444444,0
June,2010,34,4,26,35,68,125,19.004109,0.742857143,0
July,2010,34,5,26,36,68,123,18.70004325,0.722222222,0
August,2010,34,4,24,34,65,115,19.13491124,0.705882353,0
September,2010,36,3,24,36,67,120,18.79260414,0.666666667,0
October,2010,36,4,24,36,68,125,19.004109,0.666666667,1
November,2010,34,4,26,36,66,116,18.72084481,0.722222222,0
December,2010,34,3,27,32,66,120,19.36639118,0.84375,0
January,2011,34,4,25,36,66,128,20.65748393,0.694444444,0
February,2011,32,4,25,35,64,107,18.36450195,0.714285714,0
March,2011,32,3,24,32,67,110,17.2265538,0.75,0
April,2011,34,4,25,35,65,106,17.63739645,0.714285714,1
May,2011,36,5,27,36,67,127,19.88883939,0.75,0
June,2011,32,2,24,34,66,109,17.59113866,0.705882353,0
July,2011,34,4,25,34,68,116,17.63581315,0.735294118,0
August,2011,32,5,25,35,64,105,18.02124023,0.714285714,0
September,2011,34,3,24,36,68,125,19.004109,0.666666667,0
October,2011,34,3,24,34,67,125,19.57562932,0.705882353,0
November,2011,32,3,25,35,64,118,20.25244141,0.714285714,0
December,2011,34,3,24,37,69,125,18.45725688,0.648648649,0
January,2012,34,5,26,35,64,125,21.45385742,0.742857143,0
February,2012,35,4,23,36,64,114,19.56591797,0.638888889,0
March,2012,34,3,24,35,71,125,17.43205713,0.685714286,0
April,2012,34,2,25,36,66,123,19.85055096,0.694444444,1
May,2012,34,3,26,32,63,112,19.8377425,0.8125,0
June,2012,32,4,24,36,67,115,18.00957897,0.666666667,0
July,2012,34,3,25,34,63,103,18.2436382,0.735294118,0
August,2012,34,3,24,34,69,123,18.16194077,0.705882353,0
September,2012,36,3,25,36,69,118,17.42365049,0.694444444,0
October,2012,32,3,22,35,67,110,17.2265538,0.628571429,0
November,2012,34,2,26,36,69,125,18.45725688,0.722222222,0
December,2012,34,3,26,35,69,126,18.60491493,0.742857143,0
January,2013,32,3,25,33,68,110,16.72361592,0.757575758,0
February,2013,34,2,25,36,67,118,18.47939407,0.694444444,0
March,2013,32,3,22,34,65,110,18.30295858,0.647058824,0
April,2013,32,3,25,35,65,110,18.30295858,0.714285714,0
May,2013,34,4,24,34,69,115,16.98067633,0.705882353,0
June,2013,34,3,22,34,62,105,19.20265349,0.647058824,0
July,2013,34,4,25,34,68,120,18.24394464,0.735294118,0
August,2013,32,3,24,34,64,108,18.53613281,0.705882353,0
September,2013,31,3,24,32.5,63,85,15.05542958,0.738461538,0
October,2013,34,4,25,35,69,125,18.45725688,0.714285714,0
November,2013,33,3,26,34,68,115,17.48378028,0.764705882,0
December,2013,32,4,23,36,68.5,120,17.9785817,0.638888889,1
January,2014,34,2,24,36,69,119,17.57130855,0.666666667,0
February,2014,32,3,24,35,69,118,17.42365049,0.685714286,0
March,2014,32,2,23,35,70,130,18.65102041,0.657142857,0
April,2014,34,2,26,36,66,120,19.36639118,0.722222222,0
May,2014,33,4,23,31,61,100,18.89277076,0.741935484,1
June,2014,32,4,25,36,69,130,19.19554715,0.694444444,0
July,2014,34,5,22,32,68,105,15.96345156,0.6875,0
August,2014,34,3,25,35,71,125,17.43205713,0.714285714,0
September,2014,32,3,25,32,67,105,16.44352863,0.78125,0
October,2014,34,2,25,35,69,125,18.45725688,0.714285714,0
November,2014,34,3,25,34,68,115,17.48378028,0.735294118,0
December,2014,34,4,24,35,68,119,18.09191176,0.685714286,0
January,2015,32,3,25,35,70,130,18.65102041,0.714285714,0
February,2015,32,3,25,35,69,120,17.7189666,0.714285714,0
March,2015,34,5,26,31,65,117,19.46769231,0.838709677,0
April,2015,32,3,24,35,69,130,19.19554715,0.685714286,0
May,2015,32,2,24,36,67,110,17.2265538,0.666666667,0
June,2015,32,2,25,34,66,117,18.8822314,0.735294118,0
July,2015,32,3,26,36,67,125,19.57562932,0.722222222,0
August,2015,32,2,24,34,67,100,15.66050345,0.705882353,0
September,2015,32,4,25,35,68,115,17.48378028,0.714285714,0
October,2015,34,4,25,38,67,125,19.57562932,0.657894737,0
November,2015,32,4,24,34,63,100,17.71227009,0.705882353,0
December,2015,32,2,25,37,69.5,129,18.77480462,0.675675676,1
January,2016,32,4,23,32,66,110,17.75252525,0.71875,0
February,2016,32,2,23.5,34,67,114,17.85297394,0.691176471,0
March,2016,32,2,23,35,69,128,18.90023104,0.657142857,0
April,2016,34,3,23,35,67,119,18.63599911,0.657142857,0
May,2016,34,2,25,35,68,115,17.48378028,0.714285714,1
June,2016,32,1,23,34,68,117,17.78784602,0.676470588,0
July,2016,33,1,23,34,70,116,16.64244898,0.676470588,0
August,2016,34,3,25,36,70,132,18.93795918,0.694444444,0
September,2016,32,3,24,35,70,121,17.35979592,0.685714286,0
October,2016,34,3,25,35,68,110,16.72361592,0.714285714,0
November,2016,32,4,24,34,68.5,105,15.73125899,0.705882353,0
December,2016,32,2,24,34,70,110,15.78163265,0.705882353,0
January,2017,33,2,24,35,70,110,15.78163265,0.685714286,0
February,2017,34,3,24,34,68,110,16.72361592,0.705882353,0
March,2017,32,3,23,34,68,112,17.02768166,0.676470588,0
April,2017,34,3,24,35,69,121,17.86662466,0.685714286,1
May,2017,33,2,23,34,71,119,16.59531839,0.676470588,0
June,2017,36,4,24,35,70,139,19.9422449,0.685714286,0
July,2017,32,2,24,34,68,119,18.09191176,0.705882353,0
August,2017,33,2,23,35,68,116,17.63581315,0.657142857,0
September,2017,34,2,24,35,70,123,17.64673469,0.685714286,0
October,2017,33,2,23,34,70,121,17.35979592,0.676470588,0
November,2017,35,2,25,35,70,123,17.64673469,0.714285714,0
December,2017,32,2,24,34,67,110,17.2265538,0.705882353,0
January,2018,32,3,24,34,67,117,18.32278904,0.705882353,0
February,2018,32,3,23,34,66,118,19.043618,0.676470588,0
March,2018,32,3,23,35,66,119,19.20500459,0.657142857,0
April,2018,32,3,24,35,69,120,17.7189666,0.685714286,0
May,2018,34,3,26,36,68,128,19.46020761,0.722222222,0
June,2018,32,3,23,32,65,104,17.30461538,0.71875,0
July,2018,33,2,23,34,66,101,16.30004591,0.676470588,0
August,2018,32,2,23,34,66,113,18.23668503,0.676470588,0
September,2018,34,2,24,34,69,117,17.27599244,0.705882353,0
October,2018,34,3,23,35,69,118,17.42365049,0.657142857,0
November,2018,36,5,24,32,68,121,18.39597751,0.75,0
December,2018,32,,26,34,65,112,18.63573964,0.764705882,1
January,2019,33,2,25,36,66,115,18.55945822,0.694444444,1
February,2019,35,4,27,39,70,138,19.79877551,0.692307692,1
March,2019,34,3,25,35,67,119,18.63599911,0.714285714,1
April,2019,36,3,31,45,70,127,18.22061224,0.688888889,1
May,2019,32,2,25,35,66,125,20.17332415,0.714285714,1
June,2019,34,2,24,34,69,121,17.86662466,0.705882353,1
July,2019,32,2,23,33,70,130,18.65102041,0.696969697,1
August,2019,32,,24,34,69,121,17.86662466,0.705882353,1
September,2019,32,4,26,35,64,128,21.96875,0.742857143,1
October,2019,32,2,24,36,70,121,17.35979592,0.666666667,1
November,2019,34,3,30,43,70,131,18.7944898,0.697674419,1
December,2019,34,2,25,36,68,122,18.54801038,0.694444444,1
January,2020,30,5,29,44,69,137,20.22915354,0.659090909,
February,2020,33,5,23,34,68,107,16.2675173,0.676470588,
March,2020,34,,28,39,71,131,18.26879587,0.717948718,
April,2020,37,,30,42,66,143,23.07828283,0.714285714,
May,2020,34,2,25,35,67,135,21.14167966,0.714285714,
June,2020,35,3,28,43,67,155,24.27378035,0.651162791,
July,2020,36,4,26,40,71,140,19.52390399,0.65,
August,2020,36,5,36,46,68,231,35.11959343,0.782608696,
September,2020,33,2,24,34,68,125,19.004109,0.705882353,
October,2020,31,2,23,35,70,125,17.93367347,0.657142857,
November,2020,34,4,28,42,70,169,24.24632653,0.666666667,
December,2020,37,,26,37,72,133,18.03607253,0.702702703,
January,2021,32,3,24,37,70,145,20.80306122,0.648648649,
April,2021,34,4,25,35,69,133,19.63852132,0.714285714,